Banjara,English
mar nam,my name is
kun cha vu,who is this
thar naam kai,what is your name
Main tane na chhodu,I will not leave you
Tu katha hai?,Where are you?
Tu khano khayyo?,Did you have food?
Tu kattha jaaro?,Where are you going?
Tu kai karochi?,What are you doing? (male)
Kai karrochi?,What are you doing?
Tu varu che?,How are you?
U shev kharoch.,He eats an apple.
U sev khaldo.,He ate an apple.
Ma larer haptan picture diti.,I saw the film last week.
U kalen baseti aayo.,She came by bus yesterday.
U devul go.,They went to the temple.
U sari rat suto.,He slept the whole night.
U paper aacho lakho.,He wrote well in the examination.
U khaldoto.,He had eaten.
U chalgoto.,He had gone.
U aayotho.,He had come.
U khaya.,He will eat.
U jaya.,He will go.
U aaya.,He will come.
Ton kunsi nand cheni.,You don’t have any habit.
Ton kunsi tension cheni.,You don’t have any tension.
Tum kai kide?,What did you do?
Ma kai karu?,What should I do?
Ma kai kru sakuchu?,What can I do?
Kai sawal chha?,What are the questions?
Kai sawal vete?,What were the questions?
Akhri sawal kai chha?,What is the last question?
Chitti mai kai lakho chha?,What is written in the letter?
Tamen kai kete?,What were you told?
Kai wat viy?,What will be the answer?
Tum kashen aaye?,Why did you come?
Tum kashen sute?,Why did you sleep?
Tam von jayen kashen ke?,Why did you tell him to go?
U thaili kashen layo?,Why did he bring the bag?
U pisa kashen dino?,Why did she pay the money?
U vot kashen baithoto?,Why did they sit there?
Tam car kashen chalavoch?,Why do you drive the car?
U meetingem dameti kaa aayo?,Why did they come late for the meeting?
Tam ku aaye?,How did you come?
Tam ku sute?,How did you sleep?
Tu car ku chalayo?,How did you drive the car?
Tu kim lakho?,How did you write?
Mar hatem katri shev chha?,How many apples are there in my hand?
Tu katra lido?,How many did you take?
U ton katra pisa dino?,How much did he pay you?
Aaji katri dur jayer chha?,How much distance is to go?
Kaler jatra kashek vetti?,How was the journey yesterday?
Tu kulsi wateti aayo?,Which way did you come?
Tar pasender kunso rang chha?,Which is your favourite colour?
Tum kunsi kholim suto?,In which room did you sleep?
Ton kulas saki kai?,Which story did you tell?
Sheti mitho fal kunso chha?,Which is the sweetest fruit?
Hindi mai chaketi aacho batmi paper kunso chha?,Which is the best Hindi newspaper?
Bharter kunso rajyer loksankhya jyada chha?,Which Indian state has the largest population?
Tam kateti aare cho?,Where are you coming from?
Tam kat sute?,Where did you sleep?
Vyvasthapker cabin kath chha?,Where is the manager’s cabin?
Ma kat jayen chawch?,Where should I go?
Ee pustak chha kai?,Is it a book?
"Hav, ee pustak chha.","Yes, it is a book."
Ee uttar cha kai?,Is it the answer?
"Hav, ee uttar cha.","Yes, it is the answer."
Tu mar sobat aayechhi kai?,Will you come with me?
Ma tar sobat aauchu.,I shall come with you.
Tu man tar pen deichhi kai?,Will you give me your pen?
"Hav, nakki.","Yes, of course."
Tu mati prem karechi kai?,Do you love me?
"Hav, ma tati prem karuchu.","Yes, I love you."
"Koni, ma tati prem karuni.","No, I don’t love you."
Tu man tar pen deu sakechi kai?,Can you give me your pen?
Tu box watav sakechi kai?,Can you lift the box?
Kai tam pariksha laku sachechi kai?,Can you write the exam?
Tu doperer bati khaldo kai?,Did you have lunch?
Ma thik chhu.,I am fine.
amar kan chaya cha ka?,Do you have tea?
Tamar kan lota cha ka?,Do you have chilli powder at home?
Ma salam jaro chu.,I am going to school.
Ma pani pi ro chu.,I am drinking water
Balad dhas jaye.,Cow ran away.
Balad dhasri chaa.,Ox is running.
Gawdi dhasgi.,Cow ran.
Balad dhas jaya.,Ox will run.
Ek cup chaya jhala.,Bring a cup of tea.
Thaili deichi kai.,Can you bring a bag?
Khet balro chaa.,Farm is burning!
Bhar tadko lagroch kai?,Is it heating outside?
Vu chori ghalo lamb cha.,That girl is very tall.
Tu sapko digria.,You come early.
Tu dameti aajo.,You come slowly.
Aaji katri dur jayer chha?,How much distance to go?
Tu katra lido?,How many did you take?
Tar pasender kunso rang chha?,Which is your favorite color?
Ee pustak chha kai?,Is it a book?
Tu katha rahyo chhu?,Where are you staying?
Ma gaav ma rahyo chhu.,I am staying in the village.
Tu savere uthyo kai?,Did you wake up early?
Ma savere uthyo.,I woke up early.
Tu raat ma jaldi sute kai?,Did you sleep early at night?
Ma raat ma jaldi suto.,I slept early at night.
Tu kai vakhte aayo?,When did you come?
Ma savere aayo.,I came in the morning.
Tu kai vakhte jaro?,When are you going?
Ma sanjh jaro chhu.,I am going in the evening.
Tu kal kai kido?,What did you do yesterday?
Ma kal ghar ma rahyo.,I stayed at home yesterday.
Tu bazaar gayo kai?,Did you go to the market?
Ma bazaar gayo.,I went to the market.
Tu sabji layo kai?,Did you bring vegetables?
Ma sabji layo.,I brought vegetables.
Tu ghar saaf kido kai?,Did you clean the house?
Ma ghar saaf kido.,I cleaned the house.
Tu kapda dhoyo kai?,Did you wash clothes?
Ma kapda dhoyo.,I washed clothes.
Tu aaj kaam jaro kai?,Are you going to work today?
Ma aaj kaam jaro chhu.,I am going to work today.
Tu kaam jaldi pooro kido kai?,Did you finish work early?
Ma kaam jaldi pooro kido.,I finished work early.
Tu aaj school gayo kai?,Did you go to school today?
Ma aaj school gayo.,I went to school today.
Tu teacher ne malyo kai?,Did you meet the teacher?
Ma teacher ne malyo.,I met the teacher.
Tu pustak layo kai?,Did you bring the book?
Ma pustak layo.,I brought the book.
Tu pustak vachyo kai?,Did you read the book?
Ma pustak vachyo.,I read the book.
Tu chai banayo kai?,Did you make tea?
Ma chai banayo.,I made tea.
Tu ghar ma koi chha kai?,Is anyone at home?
"Haa, ghar ma maa chha.","Yes, mother is at home."
Tu maa ne madad kidi kai?,Did you help your mother?
Ma maa ne madad kidi.,I helped my mother.
Tu pani bharyo kai?,Did you fill water?
Ma pani bharyo.,I filled water.
Tu nahaayo kai?,Did you take a bath?
Ma nahaayo.,I took a bath.
Tu kapda badalya kai?,Did you change clothes?
Ma kapda badalya.,I changed clothes.
Tu savere walk kido kai?,Did you go for a walk in the morning?
Ma savere walk kido.,I went for a walk in the morning.
Tu koni sobat gayo?,With whom did you go?
Ma dosto sobat gayo.,I went with friends.
Tu dosto ne malyo kai?,Did you meet your friends?
Ma dosto ne malyo.,I met my friends.
Tu game khelo kai?,Did you play a game?
Ma game khelo.,I played a game.
Tu mobile vapryo kai?,Did you use the mobile?
Ma mobile vapryo.,I used the mobile.
Tu phone charge kido kai?,Did you charge the phone?
Ma phone charge kido.,I charged the phone.
Tu raat ma tv joyo kai?,Did you watch TV at night?
Ma raat ma tv joyo.,I watched TV at night.
Tu news sambhdi kai?,Did you listen to the news?
Ma news sambhdi.,I listened to the news.
Tu raat ma khano banayo kai?,Did you cook dinner?
Ma raat ma khano banayo.,I cooked dinner.
Tu ghar ma sab ne bolayo kai?,Did you call everyone at home?
Ma sab ne bolayo.,I called everyone.
Tu mehman aaya kai?,Did guests come?
"Haa, mehman aaya.","Yes, guests came."
Tu mehman ne chai pivaayi kai?,Did you serve tea to guests?
Ma mehman ne chai pivaayi.,I served tea to guests.
Tu mehman sobat betho kai?,Did you sit with guests?
Ma mehman sobat betho.,I sat with guests.
Tu raat ma jaldi sute kai?,Did you sleep early at night?
Ma raat ma jaldi suto.,I slept early at night.
Tu sapna joyo kai?,Did you see a dream?
Ma sapna joyo.,I saw a dream.
Tu savere khushi ma uthyo kai?,Did you wake up happily?
Ma savere khushi ma uthyo.,I woke up happily.
Tu aaj bahar jaro kai?,Are you going outside today?
Ma aaj bahar jaro chhu.,I am going outside today.
Tu sanjh vakhte aayo kai?,Did you come in the evening?
Ma sanjh vakhte aayo.,I came in the evening.
Tu kal pacho aavso kai?,Will you come back tomorrow?
"Haa, ma kal pacho aavuchu.","Yes, I will come back tomorrow."
Tu man bharoso chha kai?,Do you trust me?
"Haa, mane bharoso chha.","Yes, I trust you."
Tu aaj khush chha kai?,Are you happy today?
"Haa, ma aaj khush chhu.","Yes, I am happy today."
Tu kaal thi taiyaar chha kai?,Are you ready from tomorrow?
"Haa, ma taiyaar chhu.","Yes, I am ready."
Tu savere kai khayo?,What did you eat in the morning?
Ma savere roti khayi.,I ate roti in the morning.
Tu aaj chai banavso kai?,Will you make tea today?
Ma aaj chai banavuchu.,I will make tea today.
Tu ghar ni chabi joyi kai?,Did you see the house key?
Ma chabi table par joyi.,I saw the key on the table.
Tu kapda taiyaar karyo kai?,Did you prepare the clothes?
Ma kapda taiyaar karyo.,I prepared the clothes.
Tu savere nahaayo kai?,Did you bathe in the morning?
Ma savere nahaayo.,I bathed in the morning.
Tu phone band karyo kai?,Did you switch off the phone?
Ma phone band karyo.,I switched off the phone.
Tu raat ma jaldi aayo kai?,Did you come early at night?
Ma raat ma jaldi aayo.,I came early at night.
Tu aaj bazaar javso kai?,Will you go to the market today?
Ma aaj bazaar javuchu.,I will go to the market today.
Tu sabji sasti mali kai?,Did you get vegetables cheap?
"Haa, sabji sasti mali.","Yes, vegetables were cheap."
Tu paisa sambhalyo kai?,Did you keep the money safely?
Ma paisa sambhalyo.,I kept the money safely.
Tu ghar ma pani chha kai?,Is there water at home?
"Haa, ghar ma pani chha.","Yes, there is water at home."
Tu bijli band joyi kai?,Did you notice the power cut?
"Haa, bijli band hati.","Yes, the power was off."
Tu candle layo kai?,Did you bring a candle?
Ma candle layo.,I brought a candle.
Tu raat ma bahar gayo kai?,Did you go out at night?
Ma raat ma bahar gayo.,I went out at night.
Tu rasta bhoolyo kai?,Did you miss the way?
Ma rasta bhoolyo nai.,I did not miss the way.
Tu aaj time par pahuncho kai?,Did you reach on time today?
"Haa, ma time par pahuncho.","Yes, I reached on time."
Tu bus ma gayo kai?,Did you go by bus?
Ma bus ma gayo.,I went by bus.
Tu ticket karyo kai?,Did you buy the ticket?
Ma ticket karyo.,I bought the ticket.
Tu seat mali kai?,Did you get a seat?
"Haa, mane seat mali.","Yes, I got a seat."
Tu gaav pacho aayo kai?,Did you return to the village?
Ma gaav pacho aayo.,I returned to the village.
Tu ghar vakhte pahuncho kai?,Did you reach home on time?
"Haa, ma vakhte pahuncho.","Yes, I reached on time."
Tu maa ne phone karyo kai?,Did you call your mother?
Ma maa ne phone karyo.,I called my mother.
Tu baba ne malyo kai?,Did you meet your father?
Ma baba ne malyo.,I met my father.
Tu aaj kaam ochho hato kai?,Was there less work today?
"Haa, aaj kaam ochho hato.","Yes, there was less work today."
Tu kal vadhu kaam karso kai?,Will you work more tomorrow?
Ma kal vadhu kaam karuchu.,I will work more tomorrow.
Tu notebook layo kai?,Did you bring the notebook?
Ma notebook layo.,I brought the notebook.
Tu pen chalto chha kai?,Is the pen working?
"Nahi, pen chalto nai.","No, the pen is not working."
Tu navo pen layo kai?,Did you bring a new pen?
Ma navo pen layo.,I brought a new pen.
Tu exam mate taiyaar chha kai?,Are you ready for the exam?
"Haa, ma taiyaar chhu.","Yes, I am ready."
Tu tension ma chha kai?,Are you in tension?
"Nahi, ma shant chhu.","No, I am calm."
Tu aaj khushi mehsoos karyo kai?,Did you feel happy today?
"Haa, aaj khushi mehsoos karyo.","Yes, I felt happy today."
Tu savere walk mate gayo kai?,Did you go for a walk in the morning?
Ma savere walk mate gayo.,I went for a walk in the morning.
Tu thakan mehsoos karyo kai?,Did you feel tired?
"Haa, thodi thakan hati.","Yes, there was some tiredness."
Tu aaram karyo kai?,Did you take rest?
Ma thodo aaram karyo.,I took some rest.
Tu aaj navo plan karyo kai?,Did you make a new plan today?
Ma aaj navo plan karyo.,I made a new plan today.
Tu plan safal thase kai?,Will the plan succeed?
"Haa, plan safal thase.","Yes, the plan will succeed."
Tu savere khidki kholi kai?,Did you open the window in the morning?
Ma savere khidki kholi.,I opened the window in the morning.
Tu hawa thandi mehsoos karyo kai?,Did you feel cool air?
"Haa, hawa thandi hati.","Yes, the air was cool."
Tu sanjh vakhte chai piyo kai?,Did you drink tea in the evening?
Ma sanjh vakhte chai piyo.,I drank tea in the evening.
Tu raat ma pustak vachyo kai?,Did you read a book at night?
Ma raat ma pustak vachyo.,I read a book at night.
Tu light band karyo kai?,Did you switch off the light?
Ma light band karyo.,I switched off the light.
Tu raat ma shant sute kai?,Did you sleep peacefully at night?
"Haa, ma shant rite suto.","Yes, I slept peacefully."
Tu savere time par uthyo kai?,Did you wake up on time in the morning?
"Haa, ma time par uthyo.","Yes, I woke up on time."
Tu aaj savere kai kido?,What did you do this morning?
Ma savere ghar saaf karyo.,I cleaned the house in the morning.
Tu kal raat kai joyo?,What did you see last night?
Ma kal raat tv joyo.,I watched TV last night.
Tu aaj kon sobat gayo?,With whom did you go today?
Ma bhai sobat gayo.,I went with my brother.
Tu savere chai ketli piyo?,How much tea did you drink in the morning?
Ma ek cup chai piyo.,I drank one cup of tea.
Tu aaj der thi uthyo kai?,Did you wake up late today?
"Haa, ma thodi der thi uthyo.","Yes, I woke up a little late."
Tu aaj savere nahaayo kai?,Did you bathe this morning?
Ma savere nahaayo.,I bathed in the morning.
Tu kapda dhoya pachi sukhaya kai?,Did you dry the clothes after washing?
Ma kapda sukhaya.,I dried the clothes.
Tu aaj kaam par time par pahuncho kai?,Did you reach work on time today?
"Haa, ma time par pahuncho.","Yes, I reached on time."
Tu boss sobat vaat kidi kai?,Did you talk with the boss?
Ma boss sobat vaat kidi.,I talked with the boss.
Tu aaj vadhu kaam karyo kai?,Did you do more work today?
"Haa, aaj vadhu kaam karyo.","Yes, I did more work today."
Tu thakan mehsoos kari kai?,Did you feel tired?
Thodi thakan mehsoos kari.,I felt a little tired.
Tu lunch vakhte kai khayo?,What did you eat for lunch?
Ma lunch vakhte bhat khayo.,I ate rice for lunch.
Tu aaj pani vadhu piyo kai?,Did you drink more water today?
"Haa, aaj vadhu pani piyo.","Yes, I drank more water today."
Tu sanjh vakhte ghar aayo kai?,Did you come home in the evening?
Ma sanjh vakhte ghar aayo.,I came home in the evening.
Tu rasta ma koi ne malyo kai?,Did you meet anyone on the way?
"Haa, ma dost ne malyo.","Yes, I met a friend."
Tu dost sobat kai vaat kidi?,What did you talk about with your friend?
Ame kaam vishe vaat kidi.,We talked about work.
Tu aaj bazaar thi kai layo?,What did you bring from the market today?
Ma phal ane sabji layo.,I brought fruits and vegetables.
Tu phal dhoya kai?,Did you wash the fruits?
Ma phal dhoya.,I washed the fruits.
Tu raat vakhte kai banayo?,What did you cook at night?
Ma raat vakhte bhaji banayi.,I cooked curry at night.
Tu ghar ma sab sobat khano khayo kai?,Did everyone eat together at home?
"Haa, sab sobat khano khayo.","Yes, everyone ate together."
Tu raat vakhte phone joyo kai?,Did you check the phone at night?
Ma raat vakhte phone joyo.,I checked the phone at night.
Tu message mokalyo kai?,Did you send a message?
Ma message mokalyo.,I sent a message.
Tu jawab malyo kai?,Did you get a reply?
"Haa, jawab malyo.","Yes, I got a reply."
Tu raat vakhte music sambhlyo kai?,Did you listen to music at night?
Ma raat vakhte music sambhlyo.,I listened to music at night.
Tu savere alarm sambhlyo kai?,Did you hear the alarm in the morning?
"Haa, alarm sambhlyo.","Yes, I heard the alarm."
Tu savere time par uthyo kai?,Did you wake up on time in the morning?
Ma time par uthyo.,I woke up on time.
Tu aaj navo kapdo paheryo kai?,Did you wear new clothes today?
Ma aaj navo kapdo paheryo.,I wore new clothes today.
Tu kapda saaf lagya kai?,Did the clothes look clean?
"Haa, kapda saaf lagya.","Yes, the clothes looked clean."
Tu aaj bahar garmi mehsoos kari kai?,Did you feel heat outside today?
"Haa, bahar garmi hati.","Yes, it was hot outside."
Tu chhat par gayo kai?,Did you go to the terrace?
Ma chhat par gayo.,I went to the terrace.
Tu hawa thandi lagi kai?,Did the air feel cool?
"Haa, hawa thandi lagi.","Yes, the air felt cool."
Tu sanjh vakhte walk karyo kai?,Did you take a walk in the evening?
Ma sanjh vakhte walk karyo.,I took a walk in the evening.
Tu ghar pachi shant mehsoos karyo kai?,Did you feel peaceful after coming home?
"Haa, ma shant mehsoos karyo.","Yes, I felt peaceful."
Tu aaj diary ma kai lakho kai?,Did you write anything in the diary today?
Ma diary ma aaj ni vaat lakho.,I wrote about today in the diary.
Tu kal mate plan karyo kai?,Did you plan for tomorrow?
"Haa, ma kal mate plan karyo.","Yes, I planned for tomorrow."
Tu kal savere jaldi uthso kai?,Will you wake up early tomorrow morning?
"Haa, ma jaldi uthuchu.","Yes, I will wake up early."
Tu kal kaam par javso kai?,Will you go to work tomorrow?
Ma kal kaam par javuchu.,I will go to work tomorrow.
Tu kal savere chai banavso kai?,Will you make tea tomorrow morning?
"Haa, ma chai banavuchu.","Yes, I will make tea."
Tu aaj din thi santusht chha kai?,Are you satisfied with today?
"Haa, aaj din thi santusht chhu.","Yes, I am satisfied with today."
Ma ghar ma rahyo chhu.,I stay at home.
Tu kaam karoch.,You work.
Ma pani piyo chhu.,I drink water.
Tu school jaro chhu.,You go to school.
Ma pustak vachochu.,I read a book.
Tu chai piyo chhu.,You drink tea.
Ma dosto sobat betho chhu.,I sit with friends.
Tu ghar saaf karoch.,You clean the house.
Ma maa ne madad karochu.,I help my mother.
Tu mobile vaproch.,You use the mobile.
Ma savere uthochu.,I wake up early.
Tu kaam ma dhyan aapoch.,You focus on work.
Ma khano khayo chhu.,I eat food.
Tu pani bharo chhu.,You fill water.
Ma bazaar jaro chhu.,I go to the market.
Tu kapda pahero chhu.,You wear clothes.
Ma raat ma sute chhu.,I sleep at night.
Tu ghar ma betho chhu.,You sit at home.
Ma chai banavochu.,I make tea.
Tu phone joyoch.,You check the phone.
Ma gaav ma rahyo chhu.,I live in the village.
Tu kaam pooro karoch.,You complete work.
Ma pani bharo chhu.,I fill water.
Tu rasta pakdoch.,You take the road.
Ma khushi mehsoos karochu.,I feel happy.
Tu savere walk karoch.,You walk in the morning.
Ma kapda dhoyo chhu.,I wash clothes.
Tu ghar pacho aaoch.,You return home.
Ma diary lakho chhu.,I write a diary.
Tu sanjh vakhte chai piyo chhu.,You drink tea in the evening.
Tu ghar ma rahyo chhu kai?,Do you live at home?
Tu kaam karoch kai?,Do you work?
Tu pani piyo chhu kai?,Do you drink water?
Tu school jaro chhu kai?,Do you go to school?
Tu pustak vachoch kai?,Do you read books?
Tu chai piyo chhu kai?,Do you drink tea?
Tu dosto sobat bethoch kai?,Do you sit with friends?
Tu ghar saaf karoch kai?,Do you clean the house?
Tu maa ne madad karoch kai?,Do you help your mother?
Tu mobile vaproch kai?,Do you use a mobile?
Tu savere uthoch kai?,Do you wake up early?
Tu kaam ma dhyan aapoch kai?,Do you focus on work?
Tu khano khayo chhu kai?,Do you eat food?
Tu pani bharo chhu kai?,Do you fill water?
Tu bazaar jaro chhu kai?,Do you go to the market?
Tu kapda pahero chhu kai?,Do you wear clothes?
Tu raat ma sute chhu kai?,Do you sleep at night?
Tu ghar ma betho chhu kai?,Do you sit at home?
Tu chai banavoch kai?,Do you make tea?
Tu phone joyoch kai?,Do you check your phone?
Tu gaav ma rahyo chhu kai?,Do you live in the village?
Tu kaam pooro karoch kai?,Do you complete your work?
Tu savere walk karoch kai?,Do you walk in the morning?
Tu kapda dhoyo chhu kai?,Do you wash clothes?
Tu ghar pacho aaoch kai?,Do you return home?
Tu ghar ma rahyo kai?,Did you stay at home?
Tu kaam karyo kai?,Did you work?
Tu pani piyo kai?,Did you drink water?
Tu school gayo kai?,Did you go to school?
Tu pustak vachyo kai?,Did you read a book?
Tu chai piyo kai?,Did you drink tea?
Tu dosto sobat betho kai?,Did you sit with friends?
Tu ghar saaf karyo kai?,Did you clean the house?
Tu maa ne madad kidi kai?,Did you help your mother?
Tu mobile vapryo kai?,Did you use the mobile?
Tu savere uthyo kai?,Did you wake up early?
Tu kaam ma dhyan aapyo kai?,Did you focus on work?
Tu khano khayo kai?,Did you eat food?
Tu pani bharyo kai?,Did you fill water?
Tu bazaar gayo kai?,Did you go to the market?
Tu kapda paherya kai?,Did you wear clothes?
Tu raat ma suto kai?,Did you sleep at night?
Tu ghar ma betho kai?,Did you sit at home?
Tu chai banayi kai?,Did you make tea?
Tu phone joyo kai?,Did you check your phone?
Tu gaav ma rahyo kai?,Did you live in the village?
Tu kaam pooro karyo kai?,Did you complete the work?
Tu savere walk karyo kai?,Did you walk in the morning?
Tu kapda dhoya kai?,Did you wash clothes?
Tu ghar pacho aayo kai?,Did you return home?
,
Tu ghar ma rahso kai?,Will you stay at home?
Tu kaam karso kai?,Will you work?
Tu pani pioso kai?,Will you drink water?
Tu school jaso kai?,Will you go to school?
Tu pustak vachso kai?,Will you read a book?
Tu chai pioso kai?,Will you drink tea?
Tu dosto sobat bethso kai?,Will you sit with friends?
Tu ghar saaf karso kai?,Will you clean the house?
Tu maa ne madad karso kai?,Will you help your mother?
Tu mobile vaprso kai?,Will you use the mobile?
Tu savere uthso kai?,Will you wake up early?
Tu kaam ma dhyan aapso kai?,Will you focus on work?
Tu khano khaso kai?,Will you eat food?
Tu pani bharso kai?,Will you fill water?
Tu bazaar jaso kai?,Will you go to the market?
Tu kapda paherso kai?,Will you wear clothes?
Tu raat ma sutso kai?,Will you sleep at night?
Tu ghar ma bethso kai?,Will you sit at home?
Tu chai banavso kai?,Will you make tea?
Tu phone joso kai?,Will you check the phone?
Tu gaav ma rahso kai?,Will you live in the village?
Tu kaam pooro karso kai?,Will you complete the work?
Tu savere walk karso kai?,Will you walk in the morning?
Tu kapda dhoso kai?,Will you wash clothes?
Tu ghar pacho aavso kai?,Will you return home?
,
Tu kai karoch?,What are you doing?
Tu katha rahyo chhu?,Where do you live?
Tu kai vakhte uthoch?,When do you wake up?
Tu kon sobat bethoch?,Who do you sit with?
Tu kashen late aaoch?,Why do you come late?
Tu kaise kaam karoch?,How do you work?
Tu kai khano khayoch?,What food do you eat?
Tu katha jaro chhu?,Where do you go?
Tu kai vakhte kaam shuru karoch?,When do you start work?
Tu koni madad karoch?,Whom do you help?
Tu kashen chai piyo chhu?,Why do you drink tea?
Tu kaise bazaar jaro chhu?,How do you go to the market?
Tu kai pustak vachoch?,What book do you read?
Tu katha kaam karoch?,Where do you work?
Tu kai vakhte raat ma sute chhu?,When do you sleep at night?
Tu kon sobat raho chhu?,With whom do you live?
Tu kashen pani vadhu piyo chhu?,Why do you drink more water?
Tu kaise ghar pacho aaoch?,How do you return home?
Tu kai kaam savere karoch?,What work do you do in the morning?
Tu katha sanjh vakhte jaro chhu?,Where do you go in the evening?
Tu kal kai kido?,What did you do yesterday?
Tu kal katha gayo?,Where did you go yesterday?
Tu kai vakhte uthyo?,When did you wake up?
Tu kal kon sobat gayo?,Who did you go with yesterday?
Tu kashen late aayo?,Why did you come late?
Tu kaise kaam karyo?,How did you work?
Tu kal kai khano khayo?,What food did you eat yesterday?
Tu katha raat ma suto?,Where did you sleep at night?
Tu kai vakhte kaam shuru karyo?,When did you start work?
Tu koni madad kidi?,Whom did you help?
Tu kashen chai piyo?,Why did you drink tea?
Tu kaise bazaar gayo?,How did you go to the market?
Tu kai pustak vachyo?,What book did you read?
Tu kal katha kaam karyo?,Where did you work yesterday?
Tu kai vakhte ghar pacho aayo?,When did you return home?
Tu kal kon sobat betho?,With whom did you sit yesterday?
Tu kashen pani vadhu piyo?,Why did you drink more water?
Tu kaise rasta pakdyo?,How did you take the route?
Tu kal savere kai kido?,What did you do in the morning yesterday?
Tu katha sanjh vakhte gayo?,Where did you go in the evening
Tu kai karso?,What will you do?
Tu katha jaso?,Where will you go?
Tu kai vakhte uthso?,When will you wake up?
Tu kon sobat jaso?,Who will you go with?
Tu kashen jaldi aavso?,Why will you come early?
Tu kaise kaam karso?,How will you work?
Tu kai khano khaso?,What food will you eat?
Tu katha rahso?,Where will you stay?
Tu kai vakhte kaam shuru karso?,When will you start work?
Tu koni madad karso?,Whom will you help?
Tu kashen chai pioso?,Why will you drink tea?
Tu kaise bazaar jaso?,How will you go to the market?
Tu kai pustak vachso?,What book will you read?
Tu katha kaam karso?,Where will you work?
Tu kai vakhte ghar pacho aavso?,When will you return home?
Tu kon sobat rahso?,With whom will you live?
Tu kashen pani vadhu pioso?,Why will you drink more water?
Tu kaise rasta pakadso?,How will you take the route?
Tu savere kai kaam karso?,What work will you do in the morning?
Tu sanjh vakhte katha jaso?,Where will you go in the evening?
Ma kaam karochu.,I am working.
Ma gaav ma rahyo chhu.,I live in the village.
Ma savere chaar vakhte uthochu.,I wake up at four in the morning.
Ma dosto sobat bethochu.,I sit with friends.
Ma kaam vadhu hato etle.,Because there was more work.
Ma dhyan thi kaam karochu.,I work carefully.
Ma bhat ane bhaji khayochu.,I eat rice and curry.
Ma bazaar jaro chhu.,I go to the market.
Ma savere nau vakhte shuru karochu.,I start work at nine.
Ma maa ne madad karochu.,I help my mother.
Ma thakan ghatavva mate chai piyo chhu.,I drink tea to reduce tiredness.
Ma bus thi bazaar jaro chhu.,I go to the market by bus.
Ma samanya pustak vachochu.,I read a general book.
Ma office ma kaam karochu.,I work in an office.
Ma raat ma das vakhte sute chhu.,I sleep at ten at night.
Ma parivaar sobat rahyo chhu.,I live with my family.
Ma sharir taja rakhva mate pani piyo chhu.,I drink water to stay fresh.
Ma paidal ghar pacho aaoch.,I return home on foot.
Ma savere ghar saaf karochu.,I clean the house in the morning.
Ma sanjh vakhte ghar jaro chhu.,I go home in the evening.
Ma kal ghar ma rahyo.,I stayed at home yesterday.
Ma kal bazaar gayo.,I went to the market yesterday.
Ma savere panch vakhte uthyo.,I woke up at five in the morning.
Ma bhai sobat gayo.,I went with my brother.
Bus der thi aavi etle.,Because the bus arrived late.
Ma puri mehnat thi kaam karyo.,I worked with full effort.
Ma roti ane dal khayo.,I ate roti and dal.
Ma ghar ma suto.,I slept at home.
Ma savere das vakhte shuru karyo.,I started at ten in the morning.
Ma maa ne madad kidi.,I helped my mother.
Thakan hati etle chai piyo.,Because I was tired.
Ma bus thi bazaar gayo.,I went to the market by bus.
Ma navi pustak vachyo.,I read a new book.
Ma khet ma kaam karyo.,I worked in the field.
Ma sanjh vakhte ghar pacho aayo.,I returned home in the evening.
Ma dosto sobat betho.,I sat with friends.
Garmi hati etle pani vadhu piyo.,Because it was hot.
Ma mukhya rasta pakdyo.,I took the main road.
Ma savere kapda dhoya.,I washed clothes in the morning.
Ma sanjh vakhte gaav gayo.,I went to the village in the evening.
Ma kaam karuchu.,I will work.
Ma bazaar jaso.,I will go to the market.
Ma savere chaar vakhte uthuchu.,I will wake up at four in the morning.
Ma dosto sobat jaso.,I will go with friends.
Kaam jaldi chhe etle.,Because the work is early.
Ma niyojan thi kaam karuchu.,I will work with planning.
Ma roti ane sabji khaso.,I will eat roti and vegetables.
Ma ghar ma rahso.,I will stay at home.
Ma savere nau vakhte shuru karso.,I will start at nine in the morning.
Ma maa ne madad karuchu.,I will help my mother.
Sharir taja rakhva mate.,To keep the body fresh.
Ma bus thi bazaar jaso.,I will go to the market by bus.
Ma abhyas ni pustak vachso.,I will read a study book.
Ma office ma kaam karso.,I will work in an office.
Ma raat vakhte ghar pacho aavso.,I will return home at night.
Ma parivaar sobat rahso.,I will live with my family.
Garmi vadhse etle.,Because the heat will increase.
Ma sacho rasta pakadso.,I will take the correct route.
Ma savere ghar saaf karso.,I will clean the house in the morning.
Ma sanjh vakhte gaav jaso.,I will go to the village in the evening.
"Haa, ma pani piyo chhu.","Yes, I drink water."
"Nahi, aaj pani nai.","No, not today."
"Haa, ma savere uthochu.","Yes, I wake up early."
"Nahi, aaj der thi uthyo.","No, I woke up late today."
"Haa, ma ghar saaf karochu.","Yes, I clean the house."
"Nahi, aaj saaf nai.","No, not today."
"Haa, ma maa ne madad karochu.","Yes, I help my mother."
"Nahi, aaj madad nai.","No, not today."
"Haa, ma raat ma sute chhu.","Yes, I sleep at night."
"Nahi, aaj raat nai.","No, not tonight."
"Haa, ma phone joyochu.","Yes, I check the phone."
"Nahi, phone joyo nai.","No, I did not check the phone."
"Haa, ma ghar ma rahyo.","Yes, I stayed at home."
"Nahi, ma bahar gayo.","No, I went outside."
"Haa, ma kaam karyo.","Yes, I worked."
"Nahi, kal kaam nai.","No, there was no work yesterday."
"Haa, ma chai piyo.","Yes, I drank tea."
"Nahi, kal chai nai.","No, not yesterday."
"Haa, ma pani piyo.","Yes, I drank water."
"Nahi, pani piyo nai.","No, I did not drink water."
"Haa, ma savere uthyo.","Yes, I woke up early."
"Nahi, der thi uthyo.","No, I woke up late."
"Haa, ma ghar saaf karyo.","Yes, I cleaned the house."
"Nahi, saaf karyo nai.","No, I did not clean."
"Haa, ma maa ne madad kidi.","Yes, I helped my mother."
"Nahi, madad kidi nai.","No, I did not help."
"Haa, ma raat ma suto.","Yes, I slept at night."
"Nahi, raat ma suto nai.","No, I did not sleep at night."
"Haa, ma phone joyo.","Yes, I checked the phone."
"Nahi, phone joyo nai.","No, I did not check the phone."
"Haa, ma ghar ma rahuchu.","Yes, I will stay at home."
"Nahi, ma bahar jaso.","No, I will go outside."
"Haa, ma kaam karuchu.","Yes, I will work."
"Nahi, kal kaam nai.","No, there will be no work tomorrow."
"Haa, ma chai piosu.","Yes, I will drink tea."
"Nahi, kal chai nai.","No, not tomorrow."
"Haa, ma pani piuchu.","Yes, I will drink water."
"Nahi, pani piuchu nai.","No, I will not drink water."
"Haa, ma savere uthuchu.","Yes, I will wake up early."
"Nahi, kal der thi uthuchu.","No, I will wake up late tomorrow."
"Haa, ma ghar saaf karuchu.","Yes, I will clean the house."
"Nahi, saaf karuchu nai.","No, I will not clean."
"Haa, ma maa ne madad karuchu.","Yes, I will help my mother."
"Nahi, madad karuchu nai.","No, I will not help."
"Haa, ma raat ma sutochu.","Yes, I will sleep at night."
"Nahi, raat ma sutochu nai.","No, I will not sleep at night."
"Haa, ma phone joso.","Yes, I will check the phone."
"Nahi, phone joso nai.","No, I will not check the phone."
"Haa, ma savere ghar ma rahyo chhu.","Yes, I stay at home in the morning."
"Nahi, ma sanjh vakhte bahar jaro chhu.","No, I go outside in the evening."
"Haa, ma savere kaam karochu.","Yes, I work in the morning."
"Nahi, ma aaj dopahar kaam nai karochu.","No, I do not work in the afternoon today."
"Haa, ma savere chai piyo chhu.","Yes, I drink tea in the morning."
"Nahi, ma raat vakhte chai nai piyo.","No, I do not drink tea at night."
"Haa, ma dopahar pani piyo chhu.","Yes, I drink water in the afternoon."
"Nahi, ma savere pani nai piyo.","No, I do not drink water in the morning."
"Haa, ma savere jaldi uthochu.","Yes, I wake up early in the morning."
"Nahi, ma aaj savere der thi uthyo.","No, I woke up late today morning."
"Haa, ma sanjh vakhte ghar saaf karochu.","Yes, I clean the house in the evening."
"Nahi, ma aaj ghar saaf nai karochu.","No, I do"
Ma aaj school nai gayo.,I did not go to school today.
Ma raat ma bahar nai gayo.,I did not go out at night.
Ma chai nai piyo.,I did not drink tea.
Ma aaj kaam nai karyo.,I did not work today.
Ma bazaar nai gayo.,I did not go to the market.
Ma pani aaj nai piyo.,I did not drink water today.
Ma savere jaldi nai uthyo.,I did not wake up early.
Ma TV nai joyo.,I did not watch TV.
Ma phone aaj nai joyo.,I did not check the phone today.
Ma raat ma jaldi nai suto.,I did not sleep early at night.
Ma ghar saaf nai karyo.,I did not clean the house.
Ma maa ne madad nai kidi.,I did not help my mother.
Ma aaj khana nai khayo.,I did not eat food today.
Ma school ma abhyas nai karyo.,I did not study at school.
Ma dosto sobat aaj nai malyo.,I did not meet friends today.
Ma khet ma kaam nai karyo.,I did not work in the field.
Ma kal gaav nai gayo.,I did not go to the village yesterday.
Ma aaj bahar nai jaro.,I am not going outside today.
Ma paisa aaj kharch nai karyo.,I did not spend money today.
Ma raat ma kahani nai sambhli.,I did not listen to stories at night.
Ma ghar ma rahyo chhu.,I live in the house.
Ma mez upar pustak mukochu.,I keep the book on the table.
Ma ghar thi school jaro chhu.,I go to school from home.
Ma maa sathe bazaar jaro chhu.,I go to the market with my mother.
Ma darwaja paas ubho chhu.,I stand near the door.
Ma khet ma kaam karochu.,I work in the field.
Ma kursi upar bethochu.,I sit on the chair.
Ma bag ma pustak rakhochhu.,I keep the book in the bag.
Ma ghar ni bahar ubho chhu.,I stand outside the house.
Ma mitra pase bethochu.,I sit beside my friend.
Ma raste par chalochu.,I walk on the road.
Ma ped niche ubho chhu.,I stand under the tree.
Ma kamra andar rahyo chhu.,I stay inside the room.
Ma school sudhi jaro chhu.,I go up to the school.
Ma ghar pacha aaochu.,I come back to the house.
Ma ghar ma nai rahyo.,I do not stay in the house.
Ma mez upar pustak nai mukochu.,I do not keep the book on the table.
Ma school thi nai aaochu.,I do not come from school.
Ma maa sathe bazaar nai jaro.,I do not go to the market with my mother.
Ma darwaja paas nai ubho.,I do not stand near the door.
Ma khet ma kaam nai karochu.,I do not work in the field.
Ma kursi upar nai bethochu.,I do not sit on the chair.
Ma bag ma pustak nai rakhochhu.,I do not keep the book in the bag.
Ma ghar ni bahar nai rahyo.,I do not stay outside the house.
Ma mitra pase nai bethochu.,I do not sit beside my friend.
Ma raste par nai chalochu.,I do not walk on the road.
Ma ped niche nai ubho.,I do not stand under the tree.
Ma kamra andar nai rahyo.,I do not stay inside the room.
Ma school sudhi nai jaro.,I do not go up to the school.
Ma ghar pacha nai aaochu.,I do not come back to the house.
Ma school jaro chhu ani ma abhyas karochu.,I go to school and I study.
Ma ghar ma rahyo chhu ani kaam karochu.,I stay at home and work.
Ma chai piyo chhu pan coffee nai piyo.,I drink tea but I do not drink coffee.
Ma savere uthochu pan vyayam nai karochu.,I wake up early but I do not exercise.
Ma khana khayo chhu etle ma santusht chhu.,I eat food so I am satisfied.
Ma barish pade chhe etle ma bahar nai jaro.,It is raining so I do not go outside.
Ma school jaro chhu karan ma shikva maango chhu.,I go to school because I want to learn.
Ma kaam karochu karan paisa joiye.,I work because I need money.
Tu chai pive chhe ke pani pive chhe?,Do you drink tea or water?
Ma bazaar jaro chhu ke ghar ma rahyo chhu.,I go to the market or stay at home.
Ma pustak vachochu jyare ma free rahyo chhu.,I read a book when I am free.
Ma radio sambhlochu jyare ma kaam karochu.,I listen to the radio while I work.
Ma dosto sobat ramochu ani khush rahyo chhu.,I play with friends and stay happy.
Ma school jaro chhu pan ma late nai thayo.,I go to school but I am not late.
Ma pani piyo chhu etle ma tarsa nai rahyo.,I drink water so I am not thirsty.
Ma ghar ma rahyo chhu karan bahar garmi chhe.,I stay at home because it is hot outside.
Ma savere uthochu ani sandhya sudhi kaam karochu.,I wake up early and work till evening.
Ma TV joyochu pan mobile nai joyochu.,I watch TV but I do not use the mobile.
Ma bazaar jaro chhu jyare ma jarurat rahyo.,I go to the market when I need something.
Ma raste par chalochu ane geet gaochu.,I walk on the road and sing songs.
Arre! Ma bhool gayo.,Oh! I forgot.
Wah! Tu achho kaam karochhe.,Wow! You are doing good work.
Aiyo! Ma dard mehsoos karochu.,Ouch! I feel pain.
Arey baap re! Barish zor se pade chhe.,Oh my God! It is raining heavily.
Shabash! Tu sahi jawab diyo.,Well done! You gave the correct answer.
Hay! Ma dukhi rahyo chhu.,Alas! I am sad.
Oh ho! Tu jaldi aayo.,Oh! You came early.
Aha! Ma samajh gayo.,Ah! I understood.
Arre wah! Khana swadisht chhe.,Wow! The food is tasty.
Aiyo rama! Ma gir gayo.,Oh dear! I fell down.
Shhh! Bachcha suto chhe.,Shh! The child is sleeping.
Arey! Darwaja band chhe.,Oh! The door is closed.
Wah wah! Geet sundar chhe.,Bravo! The song is beautiful.
Hai re! Aaj garmi zyada chhe.,Oh no! It is very hot today.
Aha rama! Samay sar kaam puro thayo.,Ah! The work is finished on time.
Arre! Ma kitab ghar ma bhool gayo.,Oh! I forgot the book at home.
Wah! Aaj mausam achho chhe.,Wow! The weather is nice today.
Aiyo! Ma haath ma chot lago.,Ouch! I hurt my hand.
Arey baap re! Rasta bahut lambo chhe.,Oh my God! The road is very long.
Shabash! Tu mehnat karochhe.,Well done! You are working hard.
Hay! Ma akela mehsoos karochu.,Alas! I feel lonely.
Oh ho! Train time par aayi.,Oh! The train arrived on time.
Aha! Ma jawab samajh gayo.,Ah! I understood the answer.
Arre wah! Kapda bahut sundar chhe.,Wow! The cloth is very beautiful.
Aiyo rama! Pair slip thayo.,Oh dear! My foot slipped.
Shhh! Koi bolyo mat.,Shh! Do not speak.
Arey! Light band chhe.,Oh! The light is off.
Wah wah! Bachcha achha gaata chhe.,Bravo! The child sings well.
Hai re! Kaam bahut mushkil chhe.,Oh no! The work is very difficult.
Aha rama! Ma kaam time par karochu.,Ah! I finish the work on time.
Arre! Phone ghar ma rahyo.,Oh! The phone is at home.
Wah! Guru ji achho samjhaata chhe.,Wow! The teacher explains well.
Aiyo! Ma pair thak gayo.,Ouch! My legs are tired.
Arey baap re! Hawa tez chhe.,Oh my God! The wind is strong.
Shabash! Tu sach bolyo.,Well done! You spoke the truth.
Ma ghar ma rahyo chhu ani kaam karochu.,I stay in the house and work.
Ma school thi aaochu pan ghar ma nai rahyo.,I come from school but I do not stay at home.
Ma mez upar pustak mukochu ani pustak vachochu.,I keep the book on the table and read it.
Ma maa sathe bazaar jaro chhu karan saman joiye.,I go to the market with my mother because I need goods.
Ma darwaja paas ubho chhu pan andar nai jaro.,I stand near the door but do not go inside.
Ma khet ma kaam karochu etle ma thakyo chhu.,I work in the field so I am tired.
Ma bag ma pustak rakhochhu ani school jaro chhu.,I keep the book in the bag and go to school.
Ma ghar ni bahar ubho chhu jyare mitra aave chhe.,I stand outside the house when my friend comes.
Ma mitra pase bethochu ane vaat karochu.,I sit beside my friend and talk.
Ma raste par chalochu pan tez nai chalochu.,I walk on the road but not fast.
Ma ped niche ubho chhu karan dhoop chhe.,I stand under the tree because there is sunlight.
Ma kamra andar rahyo chhu ani pustak vachochu.,I stay inside the room and read a book.
Ma school sudhi jaro chhu pan late nai thayo.,I go up to the school but I am not late.
Ma ghar pacha aaochu ane aaram karochu.,I come back to the house and rest.
Ma maa sathe ghar ma kaam karochu jyare time rahyo.,I work at home with my mother when there is time.
Tu ghar ma kyare rahyo chhe ani kaam karochhe?,When do you stay at home and work?
Tu maa sathe bazaar kyun jaro chhe karan shu joiye?,Why do you go to the market with your mother and what do you need?
Tu mez upar shu mukochhe ani sheni mate mukochhe?,What do you keep on the table and why do you keep it?
Tu school thi kyare aaochhe pan ghar ma kyun nai rahyo?,When do you come from school but why do you not stay at home?
Tu mitra pase kyare bethochhe ane shu vaat karochhe?,When do you sit beside your friend and what do you talk about?
Tu raste par kyun chalochhe pan dhire kyun chalochhe?,Why do you walk on the road but why do you walk slowly?
Tu ped niche kyun ubho chhe karan shu chhe?,Why do you stand under the tree and what is the reason?
Tu bag ma shu rakhochhe ani kyare school jaro chhe?,What do you keep in the bag and when do you go to school?
Tu ghar ni bahar kyare ubho rahyo chhe jyare kon aave chhe?,When do you stand outside the house and who comes then?
Tu kamra andar kyun rahyo chhe ane shu karochhe?,Why do you stay inside the room and what do you do?
Tu maa sathe ghar ma shu kaam karochhe jyare time rahyo?,What work do you do at home with your mother when there is time?
Tu school sudhi kyare jaro chhe pan late kyun nai thayo?,When do you go up to the school but why are you not late?
Tu ghar pacha kyare aaochhe ane shu karochhe?,When do you come back to the house and what do you do?
Tu pani kyathi pive chhe ane kyun pive chhe?,From where do you drink water and why do you drink it?
Tu dosto sobat kyare rahyo chhe ane kyun khush rahyo chhe?,When do you stay with friends and why are you happy?
,
Ghar ma kon rahyo chhe ani kaam karochhe?,Who stays in the house and works?
School thi kon aave chhe pan ghar ma nai rahyo?,Who comes from school but does not stay at home?
Maa sathe bazaar kon jaro chhe karan saman joiye?,Who goes to the market with mother because items are needed?
Ped niche kon ubho chhe ane sheni mate?,Who is standing under the tree and why?
Kamra andar kon rahyo chhe ane shu karochhe?,Who stays inside the room and what does he do?
Mez upar shu mukochhe ani sheni mate mukochhe?,What do you keep on the table and why?
Bag ma shu rakhochhe ane school kyare jaro chhe?,What do you keep in the bag and when do you go to school?
Ghar ma shu kaam karochhe pan bahar nai jaro?,What work do you do at home but do not go outside?
Mitra pase bethine shu vaat karochhe?,What do you talk about while sitting near your friend?
Kamra andar shu karochhe ane kyun karochhe?,What do you do inside the room and why?
Tu ghar ma kyun rahyo chhe ani kaam karochhe?,Where do you stay and work?
Tu school thi kyathi aaochhe pan ghar ma nai rahyo?,Where do you come from but do not stay at home?
Tu mitra pase kyun bethochhe ane vaat karochhe?,Where do you sit with your friend and talk?
Tu ped niche kyun ubho chhe karan dhoop chhe?,Where do you stand because there is sunlight?
Tu bazaar kyun jaro chhe maa sathe?,Where do you go with your mother?
Tu ghar ma kyare rahyo chhe ani kaam karochhe?,When do you stay at home and work?
Tu school thi kyare aaochhe pan ghar ma nai rahyo?,When do you come from school but not stay at home?
Tu mitra pase kyare bethochhe ane vaat karochhe?,When do you sit with your friend and talk?
Tu ghar pacha kyare aaochhe ane aaram karochhe?,When do you come back home and rest?
Tu kamra andar kyare rahyo chhe jyare barish pade?,When do you stay inside the room when it rains?
Tu maa sathe bazaar kyun jaro chhe karan shu joiye?,Why do you go to the market with your mother and what do you need?
Tu ped niche kyun ubho chhe karan shu chhe?,Why do you stand under the tree and what is the reason?
Tu ghar ma kyun rahyo chhe pan bahar nai jaro?,Why do you stay at home but not go outside?
Tu kamra andar kyun rahyo chhe ane shu karochhe?,Why do you stay inside the room and what do you do?
Tu school sudhi kyun jaro chhe pan late nai thayo?,Why do you go up to the school but are not late?
Ma ghar ma rahyo chhu ani kaam karochu.,I stay in the house and work.
Ma school thi aaochu pan ghar ma nai rahyo.,I come from school but do not stay at home.
Ma maa sathe bazaar jaro chhu.,I go to the market with my mother.
Ma ped niche ubho chhu.,I am standing under the tree.
Ma kamra andar rahyo chhu.,I stay inside the room.
Ma mez upar pustak mukochu.,I keep a book on the table.
Ma bag ma pustak rakhochhu.,I keep a book in the bag.
Ma ghar ma kaam karochu.,I work at home.
Ma mitra sobat vaat karochu.,I talk with my friend.
Ma kamra andar pustak vachochu.,I read a book inside the room
Ma ghar ma rahyo chhu.,I stay at home.
Ma school thi aaochu.,I come from school.
Ma mitra pase bethochu.,I sit near my friend.
Ma ped niche ubho chhu.,I stand under the tree.
Ma bazaar jaro chhu.,I go to the market.
Ma savere ghar ma rahyo chhu.,I stay at home in the morning.
Ma school thi sanjh vakhte aaochu.,I come from school in the evening.
Ma mitra pase free time ma bethochu.,I sit with my friend in free time.
Ma ghar pacha raat ma aaochu.,I come back home at night.
Ma barish pade tyare kamra andar rahyo chhu.,I stay inside the room when it rains.
Karan ghar ma kaam rahyo chhe.,Because there is work at home.
Karan dhoop chhe.,Because there is sunlight.
Karan bahar garmi chhe.,Because it is hot outside.
Karan shanti joiye.,Because I need peace.
Karan samay par pahochvu chhe.,Because I need to reach on time.
Ma ghar ma nai rahyo.,I do not stay in the house.
Ma school thi nai aaochu.,I do not come from school.
Ma maa sathe bazaar nai jaro.,I do not go to the market with my mother.
Ma ped niche nai ubho.,I am not standing under the tree.
Ma kamra andar nai rahyo.,I do not stay inside the room.
Ma mez upar kai nai mukochu.,I do not keep anything on the table.
Ma bag ma pustak nai rakhochhu.,I do not keep a book in the bag.
Ma ghar ma kaam nai karochu.,I do not work at home.
Ma mitra sobat vaat nai karochu.,I do not talk with my friend.
Ma kamra andar pustak nai vachochu.,I do not read a book inside the room
Ma ghar ma nai rahyo.,I do not stay at home.
Ma school thi nai aaochu.,I do not come from school.
Ma mitra pase nai bethochu.,I do not sit near my friend.
Ma ped niche nai ubho.,I do not stand under the tree.
Ma bazaar nai jaro.,I do not go to the market.
Ma savere ghar ma nai rahyo.,I do not stay at home in the morning.
Ma sanjh vakhte school thi nai aaochu.,I do not come from school in the evening.
Ma free time ma mitra pase nai bethochu.,I do not sit with my friend in free time.
Ma raat ma ghar pacha nai aaochu.,I do not come back home at night.
Ma barish pade tyare kamra andar nai rahyo.,I do not stay inside the room when it rains.
Karan ghar ma kaam nai chhe.,Because there is no work at home.
Karan dhoop nai chhe.,Because there is no sunlight.
Karan bahar garmi nai chhe.,Because it is not hot outside.
Karan shanti joiye nai.,Because I do not need peace.
Karan samay par pahochvu nai chhe.,Because I do not need to reach on time.
Arey baap re! He tez chalo chhe.,Oh my God! He is walking fast.
Shabash! E sach bolochhe.,Well done! She is speaking the truth.
Hay! Ma udaas rahyo chhu.,Alas! I am feeling sad.
Oh ho! Ame samay par aaya chhe.,Oh! We have arrived on time.
Aha! Tu jawab samajh gayo.,Ah! You understood the answer.
Arre wah! Ve achha gaata chhe.,Wow! They sing well.
Aiyo rama! Hu girto chhu.,Oh dear! I am falling.
Shhh! Tu awaaz mat kar.,Shh! You do not make noise.
Arey! E ghar ma nai chhe.,Oh! She is not at home.
Wah wah! He madad karochhe.,Bravo! He is helping.
Hai re! Ame der thi pahuncha chhe.,Oh no! We have reached late.
Aha rama! Ve khush rahya chhe.,Ah! They are happy.
Hay! Ma dukhi rahyo chhu.,Alas! I am sad.
Aiyo! Hu thak gayo chhu.,Ouch! I am tired.
Arey! Tu gussa karochhe.,Oh! You are angry.
Hai re! He udaas chhe.,Oh no! He is unhappy.
Arre baap re! E darochhe.,Oh my God! She is afraid.
Hay rama! Ame pareshan rahya chhe.,Oh dear! We are worried.
Aiyo rama! Ve dukhi rahya chhe.,Oh dear! They are sad.
Arey! Ma bhool karochu.,Oh! I am making a mistake.
Hai! Tu khush nai chhe.,Alas! You are not happy.
Arre! He samajh nai rahyo.,Oh! He is not understanding.
Hay! E roti chhe.,Alas! She is crying.
Aiyo! Ame der thi pahuncha chhe.,Oh no! We have arrived late.
Arey re! Ve thakya chhe.,Oh dear! They are tired.
Hai re! Ma akele rahyo chhu.,Oh no! I am alone.
Arre! Tu daro chhe.,Oh! You are scared.
Ma aama ghar ma chhe.,My mother is at home.
Ma bapa kaam karochhe.,My father is working.
Ma bhai school jaato chhe.,My brother is going to school.
Ma behen gaana gaato chhe.,My sister is singing.
Ma kaka kheti karochhe.,My uncle is farming.
Ma kaki rasoi banavochhe.,My aunt is cooking.
Ma dada aaram karochhe.,My grandfather is resting.
Ma dadi kahani bolochhe.,My grandmother is telling a story.
Ma mitar madad karochhe.,My friend is helping.
Ma padosi ghar ma chhe.,My neighbor is at home.
Ma guru padhavochhe.,My teacher is teaching.
Ma sahayogi saath kaam karochhe.,My colleague is working together.
Ma beta khelto chhe.,My son is playing.
Ma beti padhati chhe.,My daughter is studying.
Ma rishtedar milva aayo chhe.,My relative has come to visit
Ma mitar madad karochhe.,My friend is helping.
Ma padosi ghar ma chhe.,My neighbor is at home.
Ma guru padhavochhe.,My teacher is teaching.
Ma shikshak samjhavochhe.,My instructor is explaining.
Ma sahayogi saath kaam karochhe.,My colleague is working together.
Ma neta baat karochhe.,My leader is speaking.
Ma grahak pratiksha karochhe.,My customer is waiting.
Ma dukandar maal detochhe.,My shopkeeper is giving goods.
Ma doctor salah detochhe.,My doctor is advising.
Ma nurse seva karochhe.,My nurse is serving.
Ma gaavwalo madad karochhe.,My villager is helping.
Ma parichit milto chhe.,My acquaintance is meeting.
Ma bhai kyare school jaato chhe?,When does my brother go to school?
Ma behen shu vachti chhe?,What is my sister reading?
Ma dada kyun betho chhe?,Where is my grandfather sitting?
Ma dadi shu bolochhe?,What is my grandmother saying?
Ma kaka shu kaam karochhe?,What work is my uncle doing?
Ma kaki kyun rasoi banavochhe?,Why is my aunt cooking?
Ma beta kyun khelto chhe?,Where is my son playing?
Ma beti kyare padhati chhe?,When does my daughter study?
Ma padosi kyare aave chhe?,When does my neighbor come?
Ma guru shu padhavochhe?,What is my teacher teaching?
Ma shikshak kyun samjhavochhe?,Why is my instructor explaining?
Ma sahayogi kon chhe?,Who is my colleague?
Ma doctor shu salah detochhe?,What advice is my doctor giving?
Ma nurse kyun seva karochhe?,Why is my nurse serving?
Ma dukandar kyare maal detochhe?,When does my shopkeeper give goods?
Ma padosi kon chhe?,Who is my neighbor?
Bharat aham arthvyavastha chhe pan!,India has become the world’s fourth‑largest economy! 
Bharat Japan ne pachi arthvyavastha ma badho!,India has overtaken Japan in economic size. 
Bharat 6G ni niti aapvi chalu kari.,India has started the new 6G policy. 
Sarkar nava Pay Commission ne lagu kari.,The government has implemented the new Pay Commission. 
Gig worker loko social suraksha maango chhe.,Gig workers are demanding social security. 
"Delivery kaamgiro bandh kari, shaher ma prabhav.","Delivery workers went on strike, affecting cities. "
Mukhyamantri Grand International Buddha Relics darshan no udyapan karyo.,The Prime Minister inaugurated the Grand International Buddha Relics Exposition. 
Rai Pithora ma Buddha Relics pradarshan lagyu.,The Buddha Relics exhibition began at Rai Pithora. 
Mumbai‑Ahmedabad bullet train pahiya tunnel ma agal vadhto chhe.,A major breakthrough was achieved in the bullet‐train tunnel project. 
"Delhi‑NCR ma hawa sudhari, AQI ni seema ghatvi.",Air quality improved in Delhi‑NCR and restrictions eased. 
Wolf Supermoon ane Quadrantid meteor shower thati chhe.,A Wolf Supermoon and Quadrantid meteor shower is occurring. 
Vishwa vyakti sukh‑manasik day aaje chhe.,Today is International Mind‑Body Wellness Day. 
Western Ghats ma navu “Galaxy Frog” prajati maly chhe.,A new species of frog called “Galaxy Frogs” was discovered. 
Bharat ni arthvyavastha majboot bani chhe.,India’s economy has become strong.
Sarkar vikas mate navi yojana lagu kare chhe.,The government is implementing new development schemes.
Rozgar ni takat shaher ma vadhi chhe.,Employment opportunities are increasing in cities.
Desh ma vyapar vadhto chhe.,Trade is increasing in the country.
Kisan ne arthik madad malti chhe.,Farmers are receiving financial support.
Van sanrakshan par dhyan aapi rahya chhe.,Attention is being given to forest conservation.
Hawa pradushan ghatto chhe.,Air pollution is reducing.
Pani bachavva mate abhiyan chalu chhe.,Campaigns to save water are ongoing.
Prakriti ni raksha jaruri chhe.,Protecting nature is important.
Barish ni sthiti sudharti chhe.,Rainfall conditions are improving.
Vigyan kshetra ma navi shodh thai chhe.,New research is happening in science.
Desh ma antariksh abhiyaan safal chhe.,Space missions are successful in the country.
Takniki vikas tej bani rahyo chhe.,Technological development is becoming fast.
Navu yantra parikshan ma chhe.,A new device is under testing.
Vigyan shikshan ne protsahan male chhe.,Science education is being encouraged
Shiksha ni mahatta vadhi chhe.,The importance of education is increasing.
Mahila sashaktikaran par dhyan chhe.,Focus is on women empowerment.
Samaj ma jagrukta vadhti chhe.,Awareness is increasing in society.
Arogya seva sudhari chhe.,Health services are improving.
Lok samajik sahyog kari rahya chhe.,People are supporting social causes.
Antariksh shodh par desh dhyan aapi rahyo chhe.,The country is focusing on space research.
Upgrah antariksh ma safalta thi ghumto chhe.,The satellite is orbiting successfully in space.
Antariksh agency navu mission taiyar kare chhe.,The space agency is preparing a new mission.
Vigyanik antariksh ni jankari vadhaare chhe.,Scientists are increasing knowledge about space.
Antariksh yantra surakshit rite launch thayo chhe.,The spacecraft is launched safely.
Antariksh ma navi shodh thai rahyi chhe.,New discoveries are happening in space.
Chandrama par shodh karya jaa rahya chhe.,Research is being done on the moon.
Surya par adhyayan vadhto chhe.,Study of the sun is increasing.
Antariksh ma upgrah thi dharti ni madad male chhe.,Satellites in space are helping the Earth.
Antariksh shikshan mate yuvako utsahit chhe.,Youth are motivated to study space science.
Antariksh mission desh ne garv aape chhe.,Space missions give pride to the nation.
Antariksh taknik ma vikas thai rahyo chhe.,Space technology is developing.
Balak school jaato chhe.,The child goes to school.
Vidyarthi man lagaavi padhai kare chhe.,The student studies with concentration.
Guru path shikhavochhe.,The teacher teaches lessons.
Shala ma shikshan chaluchhe.,Education is going on in the school.
Vidyarthi pustak vachto chhe.,The student reads a book.
Guru shakya samjhavochhe.,The teacher explains patiently.
Vidyarthi prashna puchto chhe.,The student asks questions.
Shala ma discipline palay chhe.,Discipline is followed in the school.
Balak likhan shikhto chhe.,The child learns writing.
Vidyarthi pariksha mate taiyari kare chhe.,The student prepares for exams.
Guru vidyarthi ne protsahan aape chhe.,The teacher encourages the student.
Shikshan thi bhavishya sudhare chhe.,Education improves the future.
"Vidyarthi: Guruji, ma prashna puchu chhu.","Student: Teacher, I ask a question."
"Guru: Haan, prashna pucho.","Teacher: Yes, ask the question."
Vidyarthi: Aa paath samajh aave chhe?,Student: Is this lesson clear?
"Guru: Haan, dhire dhire samjhu.","Teacher: Yes, understand it slowly."
Vidyarthi: Ma aa kaam kari shaku?,Student: Can I do this work?
"Guru: Haan, tame kari shako.","Teacher: Yes, you can do it."
Vidyarthi: Mane madad joiye chhe.,Student: I need help.
Guru: Ma tamne madad karu chhu.,Teacher: I help you.
Vidyarthi: Aa uttar sacho chhe?,Student: Is this answer correct?
"Guru: Haan, aa uttar sacho chhe.","Teacher: Yes, this answer is correct."
Vidyarthi: Ma pustak vachu?,Student: Shall I read the book?
"Guru: Haan, pustak vacho.","Teacher: Yes, read the book."
Vidyarthi: Mane samay joiye chhe.,Student: I need time.
Guru: Thodo samay lo.,Teacher: Take some time.
Vidyarthi: Ma aaje shikho chhu.,Student: I am learning today.
Guru: Tame saras shikho chho.,Teacher: You are learning well.
"Vidyarthi: Guruji, pariksha sharu thayi chhe?","Student: Teacher, has the exam started?"
"Guru: Haan, pariksha sharu thayi chhe.","Teacher: Yes, the exam has started."
Vidyarthi: Mane prashna patra madse?,Student: Will I get the question paper?
"Guru: Haan, prashna patra lo.","Teacher: Yes, take the question paper."
Vidyarthi: Mane samajh nai aave chhe.,Student: I do not understand.
Guru: Shant raho ane vacho.,Teacher: Stay calm and read.
Vidyarthi: Ma uttar lakhva sharu karu?,Student: Shall I start writing answers?
"Guru: Haan, uttar lakhva sharu karo.","Teacher: Yes, start writing answers."
Vidyarthi: Mane vadhu samay joiye chhe.,Student: I need more time.
"Guru: Je samay chhe, e ma kaam karo.",Teacher: Work within the given time.
Vidyarthi: Ma pustak bandh karu?,Student: Shall I close the book?
"Guru: Haan, pustak bandh karo.","Teacher: Yes, close the book."
Vidyarthi: Pariksha mushkil chhe.,Student: The exam is difficult.
Guru: Himmat rakho ane prayatna karo.,Teacher: Be confident and try.
Vidyarthi: Ma kaam puru karyo chhe.,Student: I have finished the work.
Guru: Patra jama karo.,Teacher: Submit the paper.
Vidyarthi viva mate taiyar chhe.,The student is ready for the viva.
Vidyarthi prashna ne dhyan thi sambhale chhe.,The student listens to the question carefully.
Vidyarthi spashta rite bole chhe.,The student speaks clearly.
Vidyarthi prashna samajh chhe.,The student understands the question.
Vidyarthi uttar aape chhe.,The student gives the answer.
Vidyarthi udaharan aape chhe.,The student gives an example.
Vidyarthi vishay par gyaan batave chhe.,The student shows knowledge of the subject.
Vidyarthi shant rahe chhe.,The student remains calm.
Vidyarthi thodu vichar kare chhe.,The student thinks for a while.
Vidyarthi uttar samjhavto chhe.,The student explains the answer.
Vidyarthi aatmvishvas thi bole chhe.,The student speaks with confidence.
Vidyarthi bhool sudhare chhe.,The student corrects the mistake.
Vidyarthi viva puri kare chhe.,The student completes the viva.
Vidyarthi saras pradarshan kare chhe.,The student performs well.
Aaj match achho chhe.,Today the match is good.
Hu match jovu chhu.,I am watching the match.
A team jeetyo.,That team won.
A team haar gayo.,That team lost.
Player achho khel chhe.,The player is playing well.
Ball fast aayo.,The ball came fast.
Umpire decision sacho chhe.,The umpire’s decision is correct.
Ground ma ghano crowd chhe.,There is a lot of crowd in the ground.
Hu cricket pasand karu.,I like cricket.
Hu football khelu chhu.,I play football.
Match interesting chhe.,The match is interesting.
A player injured chhe.,That player is injured.
Team practice kare chhe.,The team is practicing.
Coach advice de chhe.,The coach is giving advice.
Final match aavto chhe.,The final match is coming.
Score high chhe.,The score is high.
Fielding strong chhe.,The fielding is strong.
Aaj training chhe.,There is training today.
Match late shuru thayo.,The match started late.
Team ready chhe.,The team is ready.
Hu office aayo chhu.,I have come to the office.
Aaj office ma kaam vadhu chhe.,There is more work in the office today.
Hu kaam sharu karu chhu.,I am starting the work.
Manager meeting ma chhe.,The manager is in a meeting.
Hu mail check karu chhu.,I am checking emails.
Kaam time par puro karvo chhe.,The work needs to be finished on time.
Team saath kaam kare chhe.,The team works together.
Hu file taiyar karu chhu.,I am preparing the file.
Office ma shanti chhe.,There is calm in the office.
Hu colleague sathe vaat karu chhu.,I am talking with a colleague.
Aaj meeting chhe.,There is a meeting today.
Hu computer par kaam karu chhu.,I am working on the computer.
Kaam samajh aave chhe.,The work is understandable.
Hu madad mangto chhu.,I am asking for help.
Office ma sab log vyast chhe.,Everyone in the office is busy.
Hu break ma chai pivu chhu.,I am drinking tea during the break.
Kaam quality sari chhe.,The work quality is good.
Hu kaam complete karu chhu.,I am completing the work.
Hu khet ma kaam karu chhu.,I am working in the field.
Aaj kaam vadhu chhe.,There is more work today.
Mitthi bhari chhe.,The soil is heavy.
Pani ochhu chhe.,There is less water.
Suraj tej chhe.,The sun is strong.
Ame savere kaam sharu karyu.,We started work in the morning.
Thodo aaram joiye chhe.,Some rest is needed.
Khet sari rite taiyar chhe.,The field is well prepared.
Beej vavya jaa rahya chhe.,Seeds are being sown.
Pani aapvu jaruri chhe.,Watering is necessary.
Ame saath kaam kari rahya chhe.,We are working together.
Haath thaki gaya chhe.,Hands are tired.
Kaam dhire chalu chhe.,The work is going slowly.
Aaj hava sari chhe.,The weather is good today.
Ame kaam puru kari rahya chhe.,We are finishing the work.
Khet ma shanti chhe.,There is calm in the field.
Kaam sari rite thai rahyu chhe.,The work is going well.
Ame saanje ghare jaasu.,We will go home in the evening.
Hu business karu chhu.,I do business.
Aaj business sari rite chalu chhe.,The business is running well today.
Grahak vaat karva aave chhe.,Customers are coming to talk.
Sauda pakka thayo chhe.,The deal is confirmed.
Maal taiyar chhe.,The goods are ready.
Bhav samjhavya jaa rahya chhe.,Prices are being explained.
Grahak santusht chhe.,The customer is satisfied.
Delivery taiyar chhe.,The delivery is ready.
Vyapar ma bharoso jaruri chhe.,Trust is important in business.
Navo order malyo chhe.,A new order has been received.
Profit sari rite malto chhe.,Profit is coming well.
Loss nathi thato.,There is no loss.
Market ma demand chhe.,There is demand in the market.
Supplier sathe vaat chalu chhe.,Talks with the supplier are going on.
Payment time par male chhe.,Payment is received on time.
Business dhire dhire vadhe chhe.,The business is growing slowly.
Grahak sathe sambandh majboot chhe.,Relations with customers are strong.
Aaj meeting sari rahi.,Today’s meeting went well.
Grahak dukaan ma aave chhe.,The customer comes to the shop.
Seller grahak ne aavkar aape chhe.,The seller welcomes the customer.
Grahak maal joye chhe.,The customer looks at the goods.
Seller maal batave chhe.,The seller shows the goods.
Grahak bhav puchhe chhe.,The customer asks the price.
Seller bhav samjhave chhe.,The seller explains the price.
Grahak sauda karva ichchhe chhe.,The customer wants to make a deal.
Seller sauda pakka kare chhe.,The seller confirms the deal.
Grahak maal pasand kare chhe.,The customer likes the goods.
Seller quality batave chhe.,The seller shows the quality.
Grahak discount maange chhe.,The customer asks for a discount.
Seller thodu discount aape chhe.,The seller gives some discount.
Grahak kharidi kare chhe.,The customer makes a purchase.
Seller bill taiyar kare chhe.,The seller prepares the bill.
Grahak payment kare chhe.,The customer makes the payment.
Seller payment swikare chhe.,The seller accepts the payment.
Grahak santusht chhe.,The customer is satisfied.
Seller grahak ne aabhar maane chhe.,The seller thanks the customer.
Hu mara mitar sathe vaat karu chhu.,I am talking with my friend.
Mitarta majboot chhe.,The friendship is strong.
Hu mara mitar par bharoso karu chhu.,I trust my friend.
Mitar madad kare chhe.,A friend helps.
Ame saath hasya kariye chhe.,We laugh together.
Mitar mane samjhe chhe.,My friend understands me.
Ame saath samay bitaviye chhe.,We spend time together.
Mitarta ma sachchai chhe.,There is honesty in friendship.
Mitar dukkh ma saath aape chhe.,A friend supports in sorrow.
Ame saath kaam kariye chhe.,We work together.
Mitar mane protsahan aape chhe.,My friend encourages me.
Ame saath sapna joye chhe.,We share dreams together.
Mitarta ma vishwas chhe.,There is trust in friendship.
Mitar sathe vaat kari saru lage chhe.,Talking with a friend feels good.
Ame ek‑bijane sammaan aapiye chhe.,We respect each other.
Mitarta jivan ne saral banave chhe.,Friendship makes life easier.
Mitar hamesha saath rahe chhe.,A friend always stays with you.
Mitarta thi khushi male chhe.,Happiness comes from friendship.
Hu khush chhu.,I am happy.
Mane santosh chhe.,I feel content.
Hu dukhi chhu.,I am sad.
Mane ghabrahat chhe.,I feel nervous.
Hu shant chhu.,I am calm.
Mane gussa aave chhe.,I feel angry.
Hu utsahit chhu.,I am excited.
Mane bhay lage chhe.,I feel fear.
Hu nishchint chhu.,I am relaxed.
Mane aasha chhe.,I feel hopeful.
Hu thakyo chhu.,I am tired.
Mane rahat male chhe.,I feel relief.
Hu garv anubhav karu chhu.,I feel proud.
Mane prem lage chhe.,I feel love.
Hu akelo mehsoos karu chhu.,I feel lonely.
Mane anand aave chhe.,I feel joy.
Hu nirash chhu.,I feel disappointed.
Mane vishwas chhe.,I feel confident.
Doctor hospital ma chhe.,The doctor is in the hospital.
Patient bed par chhe.,The patient is on the bed.
Nurse madad kare chhe.,The nurse is helping.
Hu doctor ne milu chhu.,I am meeting the doctor.
Dawai taiyar chhe.,The medicine is ready.
Patient ne aaram joiye chhe.,The patient needs rest.
Hospital ma shanti chhe.,There is calm in the hospital.
Hu report joye chhu.,I am checking the report.
Doctor salah aape chhe.,The doctor gives advice.
Patient sari rite mehsoos kare chhe.,The patient feels better.
Nurse patient ne sambhale chhe.,The nurse takes care of the patient.
Hospital saaf chhe.,The hospital is clean.
Hu wait karu chhu.,I am waiting.
Patient ne dawai male chhe.,The patient gets medicine.
Doctor patient ne samjhave chhe.,The doctor explains to the patient.
Hospital ma vyavastha sari chhe.,The hospital management is good.
Patient ne sahay male chhe.,The patient receives support.
Doctor patient ne joye chhe.,The doctor checks the patient.
Patient doctor ne sambhale chhe.,The patient listens to the doctor.
Doctor salah aape chhe.,The doctor gives advice.
Patient potani samasya batave chhe.,The patient explains the problem.
Doctor patient ne samjhave chhe.,The doctor explains to the patient.
Patient aaram kare chhe.,The patient takes rest.
Doctor dawai batave chhe.,The doctor prescribes medicine.
Patient dawai le chhe.,The patient takes medicine.
Doctor patient ni care kare chhe.,The doctor takes care of the patient.
Patient behtar mehsoos kare chhe.,The patient feels better.
Doctor report joye chhe.,The doctor checks the report.
Patient hospital ma chhe.,The patient is in the hospital.
Doctor patient ne protsahan aape chhe.,The doctor encourages the patient.
Patient doctor par bharoso kare chhe.,The patient trusts the doctor.
Doctor shant rite samjhave chhe.,The doctor explains calmly.
Patient ni tabiyat sudhare chhe.,The patient’s health improves.
Doctor patient sathe namrata thi bole chhe.,The doctor speaks politely to the patient.
Patient doctor ni salah mane chhe.,The patient follows the doctor’s advice.
Hospital ma kon kaam kare chhe?,Who works in the hospital?
Patient ne kon joye chhe?,Who checks the patient?
Dawai kon aape chhe?,Who gives the medicine?
Patient ni sambhal kon rakhe chhe?,Who takes care of the patient?
Report kon joye chhe?,Who checks the report?
Patient ne kon samjhave chhe?,Who explains to the patient?
Doctor kya chhe?,Where is the doctor?
Patient kya chhe?,Where is the patient?
Dawai kya male chhe?,Where do we get medicine?
Hospital kya chhe?,Where is the hospital?
Nurse kya kaam kare chhe?,Where does the nurse work?
Report kya rakhi chhe?,Where is the report kept?
Machhuara samundar ma nathi jata.,Fishermen do not go to the sea.
Ghar ne nuksan thaye chhe.,Houses get damaged.
Vruksho padya chhe.,Trees fall down.
Bijli puravtho band thaye chhe.,Power supply stops.
Bachav team madad kare chhe.,Rescue teams help.
Pani bharai jaye chhe.,Water gets flooded.
Rasta band thai jaye chhe.,Roads get blocked.
Lokone savdhan rehvu pade chhe.,People need to stay alert.
Toofan pachi shanti aave chhe.,Calm comes after the cyclone.
Sahayata camp khulya chhe.,Relief camps open.
Bimari no jokham vadhe chhe.,The risk of disease increases.
Safai kaam chalu chhe.,Cleaning work is going on.
Jivan dheere dheere normal thaye chhe.,Life slowly becomes normal.
Toofan samundar ma bane chhe.,A cyclone forms in the sea.
Tez pavan chale chhe.,Strong winds blow.
Jor thi varshad pade chhe.,Heavy rain falls.
Log surakshit jagya ma jaye chhe.,People go to safe places.
Sarkar chetavni aape chhe.,The government gives a warning
,
